Metric,Value
Mean Absolute Error,2160.309485568324
Mean Squared Error,14860916.836030362
R2 Score,0.9999999840006664
